id,width,height,url,photographer,photographer_url,photographer_id,avg_color,original,large2x,large,medium,small,portrait,landscape,tiny,liked,alt,is_portrait,words_in_photographers_username,main_colour
33285093,4000,6000,https://www.pexels.com/photo/vintage-blue-sports-car-parked-elegantly-on-street-33285093/,Brian,https://www.pexels.com/@brian-2152857332,2152857332,#546A77,https://images.pexels.com/photos/33285093/pexels-photo-33285093.jpeg,https://images.pexels.com/photos/33285093/pexels-photo-33285093.jpeg?auto=compress&cs=tinysrgb&dpr=2&h=650&w=940,https://images.pexels.com/photos/33285093/pexels-photo-33285093.jpeg?auto=compress&cs=tinysrgb&h=650&w=940,https://images.pexels.com/photos/33285093/pexels-photo-33285093.jpeg?auto=compress&cs=tinysrgb&h=350,https://images.pexels.com/photos/33285093/pexels-photo-33285093.jpeg?auto=compress&cs=tinysrgb&h=130,https://images.pexels.com/photos/33285093/pexels-photo-33285093.jpeg?auto=compress&cs=tinysrgb&fit=crop&h=1200&w=800,https://images.pexels.com/photos/33285093/pexels-photo-33285093.jpeg?auto=compress&cs=tinysrgb&fit=crop&h=627&w=1200,https://images.pexels.com/photos/33285093/pexels-photo-33285093.jpeg?auto=compress&cs=tinysrgb&dpr=1&fit=crop&h=200&w=280,FALSE,A classic blue sports car with a striking front view parked outdoors beside a brick wall.,TRUE,1,blue
36903264,4160,6240,https://www.pexels.com/photo/sleek-blue-sports-car-in-outdoor-setting-36903264/,Jan Reichelt,https://www.pexels.com/@jan-reichelt-911302335,911302335,#75868D,https://images.pexels.com/photos/36903264/pexels-photo-36903264.jpeg,https://images.pexels.com/photos/36903264/pexels-photo-36903264.jpeg?auto=compress&cs=tinysrgb&dpr=2&h=650&w=940,https://images.pexels.com/photos/36903264/pexels-photo-36903264.jpeg?auto=compress&cs=tinysrgb&h=650&w=940,https://images.pexels.com/photos/36903264/pexels-photo-36903264.jpeg?auto=compress&cs=tinysrgb&h=350,https://images.pexels.com/photos/36903264/pexels-photo-36903264.jpeg?auto=compress&cs=tinysrgb&h=130,https://images.pexels.com/photos/36903264/pexels-photo-36903264.jpeg?auto=compress&cs=tinysrgb&fit=crop&h=1200&w=800,https://images.pexels.com/photos/36903264/pexels-photo-36903264.jpeg?auto=compress&cs=tinysrgb&fit=crop&h=627&w=1200,https://images.pexels.com/photos/36903264/pexels-photo-36903264.jpeg?auto=compress&cs=tinysrgb&dpr=1&fit=crop&h=200&w=280,FALSE,A striking blue sports car with a black hood parked outdoors on a paved area.,TRUE,2,blue
35057397,1848,3285,https://www.pexels.com/photo/vintage-blue-car-close-up-in-kerala-35057397/,Alan george,https://www.pexels.com/@alan-george-939850,939850,#255A79,https://images.pexels.com/photos/35057397/pexels-photo-35057397.jpeg,https://images.pexels.com/photos/35057397/pexels-photo-35057397.jpeg?auto=compress&cs=tinysrgb&dpr=2&h=650&w=940,https://images.pexels.com/photos/35057397/pexels-photo-35057397.jpeg?auto=compress&cs=tinysrgb&h=650&w=940,https://images.pexels.com/photos/35057397/pexels-photo-35057397.jpeg?auto=compress&cs=tinysrgb&h=350,https://images.pexels.com/photos/35057397/pexels-photo-35057397.jpeg?auto=compress&cs=tinysrgb&h=130,https://images.pexels.com/photos/35057397/pexels-photo-35057397.jpeg?auto=compress&cs=tinysrgb&fit=crop&h=1200&w=800,https://images.pexels.com/photos/35057397/pexels-photo-35057397.jpeg?auto=compress&cs=tinysrgb&fit=crop&h=627&w=1200,https://images.pexels.com/photos/35057397/pexels-photo-35057397.jpeg?auto=compress&cs=tinysrgb&dpr=1&fit=crop&h=200&w=280,FALSE,"A detailed close-up of a vintage blue car's front corner in Kerala, India.",TRUE,2,blue
13690631,4912,3264,https://www.pexels.com/photo/blue-ford-cortina-13690631/,Mike Bird,https://www.pexels.com/@mikebirdy,20649,#7F92A3,https://images.pexels.com/photos/13690631/pexels-photo-13690631.jpeg,https://images.pexels.com/photos/13690631/pexels-photo-13690631.jpeg?auto=compress&cs=tinysrgb&dpr=2&h=650&w=940,https://images.pexels.com/photos/13690631/pexels-photo-13690631.jpeg?auto=compress&cs=tinysrgb&h=650&w=940,https://images.pexels.com/photos/13690631/pexels-photo-13690631.jpeg?auto=compress&cs=tinysrgb&h=350,https://images.pexels.com/photos/13690631/pexels-photo-13690631.jpeg?auto=compress&cs=tinysrgb&h=130,https://images.pexels.com/photos/13690631/pexels-photo-13690631.jpeg?auto=compress&cs=tinysrgb&fit=crop&h=1200&w=800,https://images.pexels.com/photos/13690631/pexels-photo-13690631.jpeg?auto=compress&cs=tinysrgb&fit=crop&h=627&w=1200,https://images.pexels.com/photos/13690631/pexels-photo-13690631.jpeg?auto=compress&cs=tinysrgb&dpr=1&fit=crop&h=200&w=280,FALSE,"A beautifully restored vintage blue Ford Cortina parked outdoors on a sunny day, showcasing classic design.",FALSE,2,blue
8527811,3024,4032,https://www.pexels.com/photo/a-blue-vintage-car-8527811/,Lena Shekhovtsova,https://www.pexels.com/@lena-shekhovtsova-827912,827912,#364250,https://images.pexels.com/photos/8527811/pexels-photo-8527811.jpeg,https://images.pexels.com/photos/8527811/pexels-photo-8527811.jpeg?auto=compress&cs=tinysrgb&dpr=2&h=650&w=940,https://images.pexels.com/photos/8527811/pexels-photo-8527811.jpeg?auto=compress&cs=tinysrgb&h=650&w=940,https://images.pexels.com/photos/8527811/pexels-photo-8527811.jpeg?auto=compress&cs=tinysrgb&h=350,https://images.pexels.com/photos/8527811/pexels-photo-8527811.jpeg?auto=compress&cs=tinysrgb&h=130,https://images.pexels.com/photos/8527811/pexels-photo-8527811.jpeg?auto=compress&cs=tinysrgb&fit=crop&h=1200&w=800,https://images.pexels.com/photos/8527811/pexels-photo-8527811.jpeg?auto=compress&cs=tinysrgb&fit=crop&h=627&w=1200,https://images.pexels.com/photos/8527811/pexels-photo-8527811.jpeg?auto=compress&cs=tinysrgb&dpr=1&fit=crop&h=200&w=280,FALSE,A classic blue vintage car parked on a rainy urban street in front of historic buildings.,TRUE,2,blue
34965678,5705,3803,https://www.pexels.com/photo/sleek-blue-sedan-parked-on-city-street-34965678/,Arth,https://www.pexels.com/@arth-443963208,443963208,#595D60,https://images.pexels.com/photos/34965678/pexels-photo-34965678.jpeg,https://images.pexels.com/photos/34965678/pexels-photo-34965678.jpeg?auto=compress&cs=tinysrgb&dpr=2&h=650&w=940,https://images.pexels.com/photos/34965678/pexels-photo-34965678.jpeg?auto=compress&cs=tinysrgb&h=650&w=940,https://images.pexels.com/photos/34965678/pexels-photo-34965678.jpeg?auto=compress&cs=tinysrgb&h=350,https://images.pexels.com/photos/34965678/pexels-photo-34965678.jpeg?auto=compress&cs=tinysrgb&h=130,https://images.pexels.com/photos/34965678/pexels-photo-34965678.jpeg?auto=compress&cs=tinysrgb&fit=crop&h=1200&w=800,https://images.pexels.com/photos/34965678/pexels-photo-34965678.jpeg?auto=compress&cs=tinysrgb&fit=crop&h=627&w=1200,https://images.pexels.com/photos/34965678/pexels-photo-34965678.jpeg?auto=compress&cs=tinysrgb&dpr=1&fit=crop&h=200&w=280,FALSE,A vibrant blue luxury sedan parked on an urban street among cars.,FALSE,1,blue
13690621,4912,3264,https://www.pexels.com/photo/blue-ford-cortina-13690621/,Mike Bird,https://www.pexels.com/@mikebirdy,20649,#577086,https://images.pexels.com/photos/13690621/pexels-photo-13690621.jpeg,https://images.pexels.com/photos/13690621/pexels-photo-13690621.jpeg?auto=compress&cs=tinysrgb&dpr=2&h=650&w=940,https://images.pexels.com/photos/13690621/pexels-photo-13690621.jpeg?auto=compress&cs=tinysrgb&h=650&w=940,https://images.pexels.com/photos/13690621/pexels-photo-13690621.jpeg?auto=compress&cs=tinysrgb&h=350,https://images.pexels.com/photos/13690621/pexels-photo-13690621.jpeg?auto=compress&cs=tinysrgb&h=130,https://images.pexels.com/photos/13690621/pexels-photo-13690621.jpeg?auto=compress&cs=tinysrgb&fit=crop&h=1200&w=800,https://images.pexels.com/photos/13690621/pexels-photo-13690621.jpeg?auto=compress&cs=tinysrgb&fit=crop&h=627&w=1200,https://images.pexels.com/photos/13690621/pexels-photo-13690621.jpeg?auto=compress&cs=tinysrgb&dpr=1&fit=crop&h=200&w=280,FALSE,"A vibrant blue vintage Ford Cortina captured from the front on a bright sunny day, showcasing classic automotive design.",FALSE,2,blue
27317278,10000,7500,https://www.pexels.com/photo/detail-of-a-blue-classic-car-27317278/,Engin Akyurt,https://www.pexels.com/@enginakyurt,631997,#50617F,https://images.pexels.com/photos/27317278/pexels-photo-27317278.jpeg,https://images.pexels.com/photos/27317278/pexels-photo-27317278.jpeg?auto=compress&cs=tinysrgb&dpr=2&h=650&w=940,https://images.pexels.com/photos/27317278/pexels-photo-27317278.jpeg?auto=compress&cs=tinysrgb&h=650&w=940,https://images.pexels.com/photos/27317278/pexels-photo-27317278.jpeg?auto=compress&cs=tinysrgb&h=350,https://images.pexels.com/photos/27317278/pexels-photo-27317278.jpeg?auto=compress&cs=tinysrgb&h=130,https://images.pexels.com/photos/27317278/pexels-photo-27317278.jpeg?auto=compress&cs=tinysrgb&fit=crop&h=1200&w=800,https://images.pexels.com/photos/27317278/pexels-photo-27317278.jpeg?auto=compress&cs=tinysrgb&fit=crop&h=627&w=1200,https://images.pexels.com/photos/27317278/pexels-photo-27317278.jpeg?auto=compress&cs=tinysrgb&dpr=1&fit=crop&h=200&w=280,FALSE,"A detailed view of a vintage car's chrome headlamp and blue painted surface, capturing its retro design.",FALSE,2,blue
17898713,5671,3781,https://www.pexels.com/photo/sapphire-blue-mclaren-600lt-sports-car-parked-on-a-street-17898713/,Joaquin  Delgado,https://www.pexels.com/@joaquin-delgado-497073239,497073239,#495B65,https://images.pexels.com/photos/17898713/pexels-photo-17898713.jpeg,https://images.pexels.com/photos/17898713/pexels-photo-17898713.jpeg?auto=compress&cs=tinysrgb&dpr=2&h=650&w=940,https://images.pexels.com/photos/17898713/pexels-photo-17898713.jpeg?auto=compress&cs=tinysrgb&h=650&w=940,https://images.pexels.com/photos/17898713/pexels-photo-17898713.jpeg?auto=compress&cs=tinysrgb&h=350,https://images.pexels.com/photos/17898713/pexels-photo-17898713.jpeg?auto=compress&cs=tinysrgb&h=130,https://images.pexels.com/photos/17898713/pexels-photo-17898713.jpeg?auto=compress&cs=tinysrgb&fit=crop&h=1200&w=800,https://images.pexels.com/photos/17898713/pexels-photo-17898713.jpeg?auto=compress&cs=tinysrgb&fit=crop&h=627&w=1200,https://images.pexels.com/photos/17898713/pexels-photo-17898713.jpeg?auto=compress&cs=tinysrgb&dpr=1&fit=crop&h=200&w=280,FALSE,A vibrant sapphire blue sports car parked on a city street during the day.,FALSE,2,blue
35725065,6000,4000,https://www.pexels.com/photo/vintage-blue-toy-car-on-rainy-surface-35725065/,Aziz Er,https://www.pexels.com/@aziz-er-2158219793,2158219793,#2E3F39,https://images.pexels.com/photos/35725065/pexels-photo-35725065.jpeg,https://images.pexels.com/photos/35725065/pexels-photo-35725065.jpeg?auto=compress&cs=tinysrgb&dpr=2&h=650&w=940,https://images.pexels.com/photos/35725065/pexels-photo-35725065.jpeg?auto=compress&cs=tinysrgb&h=650&w=940,https://images.pexels.com/photos/35725065/pexels-photo-35725065.jpeg?auto=compress&cs=tinysrgb&h=350,https://images.pexels.com/photos/35725065/pexels-photo-35725065.jpeg?auto=compress&cs=tinysrgb&h=130,https://images.pexels.com/photos/35725065/pexels-photo-35725065.jpeg?auto=compress&cs=tinysrgb&fit=crop&h=1200&w=800,https://images.pexels.com/photos/35725065/pexels-photo-35725065.jpeg?auto=compress&cs=tinysrgb&fit=crop&h=627&w=1200,https://images.pexels.com/photos/35725065/pexels-photo-35725065.jpeg?auto=compress&cs=tinysrgb&dpr=1&fit=crop&h=200&w=280,FALSE,A close-up of a vintage blue toy car on a wet surface with a blurred green background.,FALSE,2,green
32276380,2244,2991,https://www.pexels.com/photo/vintage-blue-car-displayed-outdoors-32276380/,Kaya,https://www.pexels.com/@kaya-748456158,748456158,#6D7276,https://images.pexels.com/photos/32276380/pexels-photo-32276380.jpeg,https://images.pexels.com/photos/32276380/pexels-photo-32276380.jpeg?auto=compress&cs=tinysrgb&dpr=2&h=650&w=940,https://images.pexels.com/photos/32276380/pexels-photo-32276380.jpeg?auto=compress&cs=tinysrgb&h=650&w=940,https://images.pexels.com/photos/32276380/pexels-photo-32276380.jpeg?auto=compress&cs=tinysrgb&h=350,https://images.pexels.com/photos/32276380/pexels-photo-32276380.jpeg?auto=compress&cs=tinysrgb&h=130,https://images.pexels.com/photos/32276380/pexels-photo-32276380.jpeg?auto=compress&cs=tinysrgb&fit=crop&h=1200&w=800,https://images.pexels.com/photos/32276380/pexels-photo-32276380.jpeg?auto=compress&cs=tinysrgb&fit=crop&h=627&w=1200,https://images.pexels.com/photos/32276380/pexels-photo-32276380.jpeg?auto=compress&cs=tinysrgb&dpr=1&fit=crop&h=200&w=280,FALSE,"A classic vintage blue car parked outdoors, showcasing retro automotive design on a sunny day.",TRUE,1,blue
34745423,3138,2224,https://www.pexels.com/photo/sleek-blue-sports-car-in-garage-setting-34745423/,Ahimsa -  OM,https://www.pexels.com/@ahimsa,232225758,#394A68,https://images.pexels.com/photos/34745423/pexels-photo-34745423.jpeg,https://images.pexels.com/photos/34745423/pexels-photo-34745423.jpeg?auto=compress&cs=tinysrgb&dpr=2&h=650&w=940,https://images.pexels.com/photos/34745423/pexels-photo-34745423.jpeg?auto=compress&cs=tinysrgb&h=650&w=940,https://images.pexels.com/photos/34745423/pexels-photo-34745423.jpeg?auto=compress&cs=tinysrgb&h=350,https://images.pexels.com/photos/34745423/pexels-photo-34745423.jpeg?auto=compress&cs=tinysrgb&h=130,https://images.pexels.com/photos/34745423/pexels-photo-34745423.jpeg?auto=compress&cs=tinysrgb&fit=crop&h=1200&w=800,https://images.pexels.com/photos/34745423/pexels-photo-34745423.jpeg?auto=compress&cs=tinysrgb&fit=crop&h=627&w=1200,https://images.pexels.com/photos/34745423/pexels-photo-34745423.jpeg?auto=compress&cs=tinysrgb&dpr=1&fit=crop&h=200&w=280,FALSE,A striking blue sports car parked outdoors with a stylish and modern feel.,FALSE,3,blue
30237040,5314,3543,https://www.pexels.com/photo/iconic-sports-cars-gathered-for-show-30237040/,Quentin Martinez,https://www.pexels.com/@quentin-martinez-2147503099,2147503099,#414149,https://images.pexels.com/photos/30237040/pexels-photo-30237040.jpeg,https://images.pexels.com/photos/30237040/pexels-photo-30237040.jpeg?auto=compress&cs=tinysrgb&dpr=2&h=650&w=940,https://images.pexels.com/photos/30237040/pexels-photo-30237040.jpeg?auto=compress&cs=tinysrgb&h=650&w=940,https://images.pexels.com/photos/30237040/pexels-photo-30237040.jpeg?auto=compress&cs=tinysrgb&h=350,https://images.pexels.com/photos/30237040/pexels-photo-30237040.jpeg?auto=compress&cs=tinysrgb&h=130,https://images.pexels.com/photos/30237040/pexels-photo-30237040.jpeg?auto=compress&cs=tinysrgb&fit=crop&h=1200&w=800,https://images.pexels.com/photos/30237040/pexels-photo-30237040.jpeg?auto=compress&cs=tinysrgb&fit=crop&h=627&w=1200,https://images.pexels.com/photos/30237040/pexels-photo-30237040.jpeg?auto=compress&cs=tinysrgb&dpr=1&fit=crop&h=200&w=280,FALSE,A collection of rare and iconic sports cars displayed with open doors showcasing their design.,FALSE,2,blue
32462525,6000,4000,https://www.pexels.com/photo/blue-compact-suv-parked-outdoors-for-lifestyle-use-32462525/,FurtherMore Studio,https://www.pexels.com/@bobo,991807,#56686C,https://images.pexels.com/photos/32462525/pexels-photo-32462525.jpeg,https://images.pexels.com/photos/32462525/pexels-photo-32462525.jpeg?auto=compress&cs=tinysrgb&dpr=2&h=650&w=940,https://images.pexels.com/photos/32462525/pexels-photo-32462525.jpeg?auto=compress&cs=tinysrgb&h=650&w=940,https://images.pexels.com/photos/32462525/pexels-photo-32462525.jpeg?auto=compress&cs=tinysrgb&h=350,https://images.pexels.com/photos/32462525/pexels-photo-32462525.jpeg?auto=compress&cs=tinysrgb&h=130,https://images.pexels.com/photos/32462525/pexels-photo-32462525.jpeg?auto=compress&cs=tinysrgb&fit=crop&h=1200&w=800,https://images.pexels.com/photos/32462525/pexels-photo-32462525.jpeg?auto=compress&cs=tinysrgb&fit=crop&h=627&w=1200,https://images.pexels.com/photos/32462525/pexels-photo-32462525.jpeg?auto=compress&cs=tinysrgb&dpr=1&fit=crop&h=200&w=280,FALSE,"A bright blue compact SUV parked on concrete, perfect for lifestyle and travel imagery.",FALSE,2,blue
17870551,3970,5955,https://www.pexels.com/photo/car-headlight-close-up-17870551/,Sacha Moreau,https://www.pexels.com/@sacha-moreau-334685363,334685363,#4E7FA0,https://images.pexels.com/photos/17870551/pexels-photo-17870551.jpeg,https://images.pexels.com/photos/17870551/pexels-photo-17870551.jpeg?auto=compress&cs=tinysrgb&dpr=2&h=650&w=940,https://images.pexels.com/photos/17870551/pexels-photo-17870551.jpeg?auto=compress&cs=tinysrgb&h=650&w=940,https://images.pexels.com/photos/17870551/pexels-photo-17870551.jpeg?auto=compress&cs=tinysrgb&h=350,https://images.pexels.com/photos/17870551/pexels-photo-17870551.jpeg?auto=compress&cs=tinysrgb&h=130,https://images.pexels.com/photos/17870551/pexels-photo-17870551.jpeg?auto=compress&cs=tinysrgb&fit=crop&h=1200&w=800,https://images.pexels.com/photos/17870551/pexels-photo-17870551.jpeg?auto=compress&cs=tinysrgb&fit=crop&h=627&w=1200,https://images.pexels.com/photos/17870551/pexels-photo-17870551.jpeg?auto=compress&cs=tinysrgb&dpr=1&fit=crop&h=200&w=280,FALSE,"A detailed close-up shot of a vintage car's headlight and hood showing sleek, classic design in blue tones.",TRUE,2,blue
7474627,4128,3096,https://www.pexels.com/photo/blue-sedan-parked-on-gray-brick-pavement-7474627/,Felipe Wesley,https://www.pexels.com/@felipe-wesley-33842072,33842072,#70757E,https://images.pexels.com/photos/7474627/pexels-photo-7474627.jpeg,https://images.pexels.com/photos/7474627/pexels-photo-7474627.jpeg?auto=compress&cs=tinysrgb&dpr=2&h=650&w=940,https://images.pexels.com/photos/7474627/pexels-photo-7474627.jpeg?auto=compress&cs=tinysrgb&h=650&w=940,https://images.pexels.com/photos/7474627/pexels-photo-7474627.jpeg?auto=compress&cs=tinysrgb&h=350,https://images.pexels.com/photos/7474627/pexels-photo-7474627.jpeg?auto=compress&cs=tinysrgb&h=130,https://images.pexels.com/photos/7474627/pexels-photo-7474627.jpeg?auto=compress&cs=tinysrgb&fit=crop&h=1200&w=800,https://images.pexels.com/photos/7474627/pexels-photo-7474627.jpeg?auto=compress&cs=tinysrgb&fit=crop&h=627&w=1200,https://images.pexels.com/photos/7474627/pexels-photo-7474627.jpeg?auto=compress&cs=tinysrgb&dpr=1&fit=crop&h=200&w=280,FALSE,A classic vintage car parked outdoors on a sunlit street with trees and buildings in the background.,FALSE,2,blue
16949951,3840,2560,https://www.pexels.com/photo/blue-car-parked-by-a-house-16949951/,Sergey Korolev,https://www.pexels.com/@sergey-korolev-259137098,259137098,#52513F,https://images.pexels.com/photos/16949951/pexels-photo-16949951.jpeg,https://images.pexels.com/photos/16949951/pexels-photo-16949951.jpeg?auto=compress&cs=tinysrgb&dpr=2&h=650&w=940,https://images.pexels.com/photos/16949951/pexels-photo-16949951.jpeg?auto=compress&cs=tinysrgb&h=650&w=940,https://images.pexels.com/photos/16949951/pexels-photo-16949951.jpeg?auto=compress&cs=tinysrgb&h=350,https://images.pexels.com/photos/16949951/pexels-photo-16949951.jpeg?auto=compress&cs=tinysrgb&h=130,https://images.pexels.com/photos/16949951/pexels-photo-16949951.jpeg?auto=compress&cs=tinysrgb&fit=crop&h=1200&w=800,https://images.pexels.com/photos/16949951/pexels-photo-16949951.jpeg?auto=compress&cs=tinysrgb&fit=crop&h=627&w=1200,https://images.pexels.com/photos/16949951/pexels-photo-16949951.jpeg?auto=compress&cs=tinysrgb&dpr=1&fit=crop&h=200&w=280,FALSE,A classic blue car parked near a terracotta building surrounded by trees.,FALSE,2,red
35542385,3061,4592,https://www.pexels.com/photo/sleek-blue-sports-car-on-urban-rooftop-35542385/,Iridescentlenz,https://www.pexels.com/@iridescentlenz-2158363565,2158363565,#797E82,https://images.pexels.com/photos/35542385/pexels-photo-35542385.jpeg,https://images.pexels.com/photos/35542385/pexels-photo-35542385.jpeg?auto=compress&cs=tinysrgb&dpr=2&h=650&w=940,https://images.pexels.com/photos/35542385/pexels-photo-35542385.jpeg?auto=compress&cs=tinysrgb&h=650&w=940,https://images.pexels.com/photos/35542385/pexels-photo-35542385.jpeg?auto=compress&cs=tinysrgb&h=350,https://images.pexels.com/photos/35542385/pexels-photo-35542385.jpeg?auto=compress&cs=tinysrgb&h=130,https://images.pexels.com/photos/35542385/pexels-photo-35542385.jpeg?auto=compress&cs=tinysrgb&fit=crop&h=1200&w=800,https://images.pexels.com/photos/35542385/pexels-photo-35542385.jpeg?auto=compress&cs=tinysrgb&fit=crop&h=627&w=1200,https://images.pexels.com/photos/35542385/pexels-photo-35542385.jpeg?auto=compress&cs=tinysrgb&dpr=1&fit=crop&h=200&w=280,FALSE,A modern blue sports car parked on a rooftop with cityscape background.,TRUE,1,blue
12590795,3648,5472,https://www.pexels.com/photo/blue-sports-car-in-the-parking-lot-12590795/,Erik Mclean,https://www.pexels.com/@introspectivedsgn,2417028,#838B96,https://images.pexels.com/photos/12590795/pexels-photo-12590795.jpeg,https://images.pexels.com/photos/12590795/pexels-photo-12590795.jpeg?auto=compress&cs=tinysrgb&dpr=2&h=650&w=940,https://images.pexels.com/photos/12590795/pexels-photo-12590795.jpeg?auto=compress&cs=tinysrgb&h=650&w=940,https://images.pexels.com/photos/12590795/pexels-photo-12590795.jpeg?auto=compress&cs=tinysrgb&h=350,https://images.pexels.com/photos/12590795/pexels-photo-12590795.jpeg?auto=compress&cs=tinysrgb&h=130,https://images.pexels.com/photos/12590795/pexels-photo-12590795.jpeg?auto=compress&cs=tinysrgb&fit=crop&h=1200&w=800,https://images.pexels.com/photos/12590795/pexels-photo-12590795.jpeg?auto=compress&cs=tinysrgb&fit=crop&h=627&w=1200,https://images.pexels.com/photos/12590795/pexels-photo-12590795.jpeg?auto=compress&cs=tinysrgb&dpr=1&fit=crop&h=200&w=280,FALSE,A vibrant blue sports car parked in an urban parking area. Captures luxury and style.,TRUE,2,blue
31501638,3648,2736,https://www.pexels.com/photo/blue-compact-suv-parked-on-urban-street-31501638/,FurtherMore Studio,https://www.pexels.com/@bobo,991807,#42555B,https://images.pexels.com/photos/31501638/pexels-photo-31501638.jpeg,https://images.pexels.com/photos/31501638/pexels-photo-31501638.jpeg?auto=compress&cs=tinysrgb&dpr=2&h=650&w=940,https://images.pexels.com/photos/31501638/pexels-photo-31501638.jpeg?auto=compress&cs=tinysrgb&h=650&w=940,https://images.pexels.com/photos/31501638/pexels-photo-31501638.jpeg?auto=compress&cs=tinysrgb&h=350,https://images.pexels.com/photos/31501638/pexels-photo-31501638.jpeg?auto=compress&cs=tinysrgb&h=130,https://images.pexels.com/photos/31501638/pexels-photo-31501638.jpeg?auto=compress&cs=tinysrgb&fit=crop&h=1200&w=800,https://images.pexels.com/photos/31501638/pexels-photo-31501638.jpeg?auto=compress&cs=tinysrgb&fit=crop&h=627&w=1200,https://images.pexels.com/photos/31501638/pexels-photo-31501638.jpeg?auto=compress&cs=tinysrgb&dpr=1&fit=crop&h=200&w=280,FALSE,A blue compact SUV is parked on a city street beside an old building.,FALSE,2,blue
14070408,6000,4000,https://www.pexels.com/photo/blue-car-parked-on-the-street-14070408/,Bas Linders,https://www.pexels.com/@studio1345,255075245,#575A5F,https://images.pexels.com/photos/14070408/pexels-photo-14070408.jpeg,https://images.pexels.com/photos/14070408/pexels-photo-14070408.jpeg?auto=compress&cs=tinysrgb&dpr=2&h=650&w=940,https://images.pexels.com/photos/14070408/pexels-photo-14070408.jpeg?auto=compress&cs=tinysrgb&h=650&w=940,https://images.pexels.com/photos/14070408/pexels-photo-14070408.jpeg?auto=compress&cs=tinysrgb&h=350,https://images.pexels.com/photos/14070408/pexels-photo-14070408.jpeg?auto=compress&cs=tinysrgb&h=130,https://images.pexels.com/photos/14070408/pexels-photo-14070408.jpeg?auto=compress&cs=tinysrgb&fit=crop&h=1200&w=800,https://images.pexels.com/photos/14070408/pexels-photo-14070408.jpeg?auto=compress&cs=tinysrgb&fit=crop&h=627&w=1200,https://images.pexels.com/photos/14070408/pexels-photo-14070408.jpeg?auto=compress&cs=tinysrgb&dpr=1&fit=crop&h=200&w=280,FALSE,A striking blue vintage car parked in a suburban neighborhood on a sunny day.,FALSE,2,blue
4014137,5456,3632,https://www.pexels.com/photo/shinny-blue-electric-car-4014137/,Mike Bird,https://www.pexels.com/@mikebirdy,20649,#545C5D,https://images.pexels.com/photos/4014137/pexels-photo-4014137.jpeg,https://images.pexels.com/photos/4014137/pexels-photo-4014137.jpeg?auto=compress&cs=tinysrgb&dpr=2&h=650&w=940,https://images.pexels.com/photos/4014137/pexels-photo-4014137.jpeg?auto=compress&cs=tinysrgb&h=650&w=940,https://images.pexels.com/photos/4014137/pexels-photo-4014137.jpeg?auto=compress&cs=tinysrgb&h=350,https://images.pexels.com/photos/4014137/pexels-photo-4014137.jpeg?auto=compress&cs=tinysrgb&h=130,https://images.pexels.com/photos/4014137/pexels-photo-4014137.jpeg?auto=compress&cs=tinysrgb&fit=crop&h=1200&w=800,https://images.pexels.com/photos/4014137/pexels-photo-4014137.jpeg?auto=compress&cs=tinysrgb&fit=crop&h=627&w=1200,https://images.pexels.com/photos/4014137/pexels-photo-4014137.jpeg?auto=compress&cs=tinysrgb&dpr=1&fit=crop&h=200&w=280,FALSE,A shiny blue electric car parked outdoors on a pleasant day in the UK.,FALSE,2,blue
9545383,6321,4214,https://www.pexels.com/photo/blue-classic-car-in-a-car-show-9545383/,Valeria Boltneva,https://www.pexels.com/@valeriya,665,#426B6F,https://images.pexels.com/photos/9545383/pexels-photo-9545383.jpeg,https://images.pexels.com/photos/9545383/pexels-photo-9545383.jpeg?auto=compress&cs=tinysrgb&dpr=2&h=650&w=940,https://images.pexels.com/photos/9545383/pexels-photo-9545383.jpeg?auto=compress&cs=tinysrgb&h=650&w=940,https://images.pexels.com/photos/9545383/pexels-photo-9545383.jpeg?auto=compress&cs=tinysrgb&h=350,https://images.pexels.com/photos/9545383/pexels-photo-9545383.jpeg?auto=compress&cs=tinysrgb&h=130,https://images.pexels.com/photos/9545383/pexels-photo-9545383.jpeg?auto=compress&cs=tinysrgb&fit=crop&h=1200&w=800,https://images.pexels.com/photos/9545383/pexels-photo-9545383.jpeg?auto=compress&cs=tinysrgb&fit=crop&h=627&w=1200,https://images.pexels.com/photos/9545383/pexels-photo-9545383.jpeg?auto=compress&cs=tinysrgb&dpr=1&fit=crop&h=200&w=280,FALSE,A classic blue vintage car with chrome details at an outdoor car show.,FALSE,2,blue
28794445,6000,4000,https://www.pexels.com/photo/blue-sports-car-at-night-with-neon-lights-28794445/,Louis_ftn_,https://www.pexels.com/@louis_ftn_-627779579,627779579,#433268,https://images.pexels.com/photos/28794445/pexels-photo-28794445.jpeg,https://images.pexels.com/photos/28794445/pexels-photo-28794445.jpeg?auto=compress&cs=tinysrgb&dpr=2&h=650&w=940,https://images.pexels.com/photos/28794445/pexels-photo-28794445.jpeg?auto=compress&cs=tinysrgb&h=650&w=940,https://images.pexels.com/photos/28794445/pexels-photo-28794445.jpeg?auto=compress&cs=tinysrgb&h=350,https://images.pexels.com/photos/28794445/pexels-photo-28794445.jpeg?auto=compress&cs=tinysrgb&h=130,https://images.pexels.com/photos/28794445/pexels-photo-28794445.jpeg?auto=compress&cs=tinysrgb&fit=crop&h=1200&w=800,https://images.pexels.com/photos/28794445/pexels-photo-28794445.jpeg?auto=compress&cs=tinysrgb&fit=crop&h=627&w=1200,https://images.pexels.com/photos/28794445/pexels-photo-28794445.jpeg?auto=compress&cs=tinysrgb&dpr=1&fit=crop&h=200&w=280,FALSE,A blue sports car with neon lights parked at night in an urban setting.,FALSE,1,blue
